9788184006858,Novoneel Chakraborty,Mystery,Thriller,Fiction,"For those of you who don't know me yet, I'm Rivanah Bannerjee, a Kolkatan trying to find her footing in Mumbai. Even though I’m currently in a relationship with a great guy, I can’t help but miss my ex-boyfriend despite knowing that he cheated on me. But that’s the least of my worries. The stranger has gone missing since the police tried to nab him unsuccessfully. Where is he? What does he want from me? Why did he come into my life in the first place? Will he ever contact me again? These and many more questions continue to torment me every day. I’m desperate for the stranger to come back to me knowing full well that he may destroy me forever. But then that’s the sexiest thing I have ever known about someone.With every revelation, it seems the truth is far more twisted than Rivanah can imagine. Wickedly plotted, All Yours, Stranger—Novoneel Chakraborty’s gripping follow-up to his hugely popular Marry Me, Stranger—will keep you on the edge of your seat until the last page. Book two of the Stranger trilogy"
9780007282456,Agatha Christie,Mystery,Fiction,Mystery,"There's a serial killer on the loose, bent on working his way through the alphabet. And as a macabre calling card he leaves beside each victim's corpe the ABC Railway Guide open at the name of the town where the murder has taken place. Having begun with Andover, Bexhill and then Churston, there seems little chance of the murderer being caught - until he makes the crucial and vain mistake of challenging Hercule Poirot to frustrate his plans."
9780007282319,Agatha Christie,Classics,Mystery,"1,347 users","First, there were ten - a curious assortment of strangers summoned as weekend guests to a private island off the coast of Devon. Their host, an eccentric millionaire unknown to all of them, is nowhere to be found. All that the guests have in common is a wicked past they're unwilling to reveal - and a secret that will seal their fate. For each has been marked for murder. One by one they fall prey. Before the weekend is out, there will be none. And only the dead are above suspicion."
9780007282548,Agatha Christie,Mystery,Fiction,Mystery,"Considered to be one of Agatha Christie's most controversial mysteries, The Murder of Roger Ackroyd breaks all the rules of traditional mystery writing. The peaceful English village of King’s Abbot is stunned. First, the attractive widows Ferrars dies from an overdose of veronal. Not twenty-four hours later, Roger Ackroyd—the man she had planned to marry—is murdered. It is a baffling, complex case involving blackmail, suicide, and violent death, a cast that taxes Hercule Poirot’s “little grey cells” before he reaches one of the most startling conclusions of his fabled career."
9781784751944,James Patterson,Mystery,Thriller,Fiction,"No. 7 Ocean Drive is a multimillion-dollar beachfront house in the Hamptons, but its beautiful exterior hides a horrific past. This house was the setting for a series of depraved killings that have never been solved. Neglected, empty and rumoured to be cursed, it's known as the Murder House, and locals keep their distance.Detective Jenna Murphy has moved to the area to escape her troubled past and rehabilitate a career on the rocks. But when a Hollywood power broker and his mistress are found dead in the abandoned Murder House, Jenna becomes involved in a case that at first seems open and shut, but reveals more secrets than she could possibly imagine.As more bodies surface and Jenna is drawn deeper into the dark history of No. 7, she must risk her own life to expose the truth – before the Murder House claims another victim."
9780349138732,Elye J. Alexander,Mystery,Fiction,Cultural,"The Devotion Of Suspect X (known as Yogisha X No Kenshin in Japanese) is a mystery novel. It narrates the story of Yasuko Hanaoka, a single mother who lives in Tokyo. The story mainly revolves around the battle of wits between a mathematician and a physicist.Yasuko Hanaoka works in a Bento shop, and her neighbor, Tetsuya Ishigami, a genius mathematician, falls in love with her.Shinji Togashi, her ex-husband, enters her life again and tries to destroy everything that she has built up. In a fit of rage and in self defense, she murders him. Cornered and helpless, she is then helped by the brilliant Ishigami, who devises a plan to cover up the murder.Shunpei Kusanagi, a detective with the Tokyo Police, is given the task of decoding the mysterious events of that fateful day, but he is left stumped by the puzzling circumstances that he has been called upon to investigate.Kusanagi often seeks the help of his friend, a genius physicist named Manabu Yukawa, in solving seemingly impossible cases. But this time, Yukawa secretly decides to take matters into his own hands to help his old friend Ishigami, who is involved in the mysterious case.Kusanagi seems to have hit a dead end in solving this puzzling case, but whether the genius of Yukawa succeeds is something that remains to be seen.The Devotion of Suspect X was highly acclaimed and won Higashino many coveted awards including the 134th Naoki Prize and the 6th Honkaku Mystery Grand Prize. It was also awarded the number one status by the 2006 editions of Kono Mystery ga Sugoi! and Honkaku Mystery Best 10, two mystery fiction guidebooks published annually in Japan. In the year 2008, it was made into a Japanese film directed by Hiroshi Nishitani. A Korean film adaptation is also in the pipeline as of May 2012.About Keigo HigashinoKeigo Higashino is a Japanese author, and is well-known for his work in the genre of mystery. His novels are originally written in Japanese.His other works include Hokago, Himitsu, Henshin, Y"
9780552161244,Dan Brown,Fiction,Thriller,Mystery,"When a new NASA satellite detects evidence of an astonishingly rare object buried deep in the Arctic ice, the floundering space agency proclaims a much-needed victory...a victory that has profound implications for U.S. space policy and the impending presidential election.With the Oval Office in the balance, the President dispatches White House Intelligence analyst Rachel Sexton to the Arctic to verify the authenticity of the find. Accompanied by a team of experts, including the charismatic academic Michael Tolland, Rachel uncovers the unthinkable - evidence of scientific trickery - a bold deception that threatens to plunge the world into controversy..."
9780751549256,J.K. Rowling,Mystery,Fiction,Mystery,"When a troubled model falls to her death from a snow-covered Mayfair balcony, it is assumed that she has committed suicide. However, her brother has his doubts, and calls in private investigator Cormoran Strike to look into the case. A war veteran, wounded both physically and psychologically, Strike's life is in disarray. The case gives him a financial lifeline, but it comes at a personal cost: the more he delves into the young model's complex world, the darker things get - and the closer he gets to terrible danger.A gripping, elegant mystery steeped in the atmosphere of London - from the hushed streets of Mayfair, to the backstreet pubs of the East End, to the bustle of Soho - The Cuckoo's Calling is a remarkable debut. Introducing Cormoran Strike, it is a classic crime novel unlike any other book you will read this year."
9780007282630,Agatha Christie,Mystery,Mystery,353 users,"'The murderer is with us - on the train now...'Just after midnight, the famous Orient Express is stopped in its tracks by a snowdrift. By morning, the millionaire Simon Ratchett lies dead in his compartment, stabbed a dozen times, his door locked from the inside. One of his fellow passengers must be the murderer.Isolated by the storm and with a killer in their midst, detective Hercule Poirot must find the killer amongst a dozen of the dead man's enemies, before the murderer decides to strike again..."
9780751563580,Robert Galbraith,Mystery,Fiction,Mystery,"When a mysterious package is delivered to Robin Ellacott, she is horrified to discover that it contains a woman’s severed leg.Her boss, private detective Cormoran Strike, is less surprised but no less alarmed. There are four people from his past who he thinks could be responsible – and Strike knows that any one of them is capable of sustained and unspeakable brutality.With the police focusing on the one suspect Strike is increasingly sure is not the perpetrator, he and Robin take matters into their own hands, and delve into the dark and twisted worlds of the other three men. But as more horrendous acts occur, time is running out for the two of them…Career of Evil is the third in the highly acclaimed series featuring private detective Cormoran Strike and his assistant Robin Ellacott. A fiendishly clever mystery with unexpected twists around every corner, it is also a gripping story of a man and a woman at a crossroads in their personal and professional lives. Cormoran Strike is back, with his assistant Robin Ellacott, in a mystery based around soldiers returning from war.Praise for the Cormoran Strike series:‘An unputdownable tale of malice and murder.’Sunday Times‘Teems with sly humour, witty asides and intelligence.’The Times"
9780552159708,Dan Brown,Fiction,Mystery,Thriller,"Harvard symbologist Robert Langdon is shocked to find proof that the legendary secret society, the Illuminati--dedicated since the time of Galileo to promoting the interests of science and condemning the blind faith of Catholicism--is alive, well, and murderously active. Brilliant physicist Leonardo Vetra has been murdered, his eyes plucked out and the society's ancient symbol branded upon his chest. His final discovery, anti-matter, the most powerful and dangerous energy source known to man, has disappeared--only to be hidden somewhere beneath Vatican City on the eve of the election of a new pope. Langdon and Vittoria, Vetra's daughter and colleague, embark on a frantic hunt through the streets, churches and catacombs of Rome, following a 400-year-old trail to the lair of the Illuminati, to prevent the incineration of civilisation."
9781847245458,Reg Keeland,Mystery,Fiction,Adult Fiction,"A murder mystery, family saga, love story, and a tale of financial intrigue wrapped into one satisfyingly complex and entertainingly atmospheric novel.Harriet Vanger, scion of one of Sweden's wealthiest families, disappeared over forty years ago. All these years later, her aged uncle continues to seek the truth. He hires Mikael Blomkvist, a crusading journalist recently trapped by a libel conviction, to investigate. He is aided by the pierced and tattooed punk prodigy Lisbeth Salander. Together they tap into a vein of unfathomable iniquity and astonishing corruption."
9781780221359,Gillian Flynn,Mystery,Mystery,"1,952 users","There are two sides to every story...On a warm summer morning in North Carthage, Missouri, it is Nick and Amy Dunne’s fifth wedding anniversary. Presents are being wrapped and reservations are being made when Nick’s clever and beautiful wife disappears from their rented McMansion on the Mississippi River. Husband-of-the-Year Nick isn’t doing himself any favors with cringe-worthy daydreams about the slope and shape of his wife’s head, but passages from Amy's diary reveal the alpha-girl perfectionist could have put anyone dangerously on edge. Under mounting pressure from the police and the media—as well as Amy’s fiercely doting parents—the town golden boy parades an endless series of lies, deceits, and inappropriate behavior. Nick is oddly evasive, and he’s definitely bitter—but is he really a killer?As the cops close in, every couple in town is soon wondering how well they know the one that they love. With his twin sister, Margo, at his side, Nick stands by his innocence. Trouble is, if Nick didn’t do it, where is that beautiful wife? And what was in that silvery gift box hidden in the back of her bedroom closet?"
9780553826166,Lee Child,Thriller,Mystery,Fiction,"Killing Floor is the first book in the phenomenal bestselling Jack Reacher series by Lee Child. It introduces Reacher for the first time, as the tough ex-military cop of no fixed abode. Trained to think fast and act faster, he is the perfect action hero for men and women alike.Margrave is a no-account little town in Georgia. Jack Reacher jumps off a bus and walks fourteen miles in the rain to reach it, an arbitrary detour in search of a dead guitar player.But Margrave has just had its first homicide in thirty years. And Reacher is the only stranger in town. So he is thrown into jail. As the body count mounts, only one thing is for sure: they picked the wrong guy to take the fall."
9780349139340,Keigo Higashino,Mystery,Cultural,73 users,"When a man is discovered dead by poisoning in his empty home his beautiful wife, Ayane, immediately falls under suspicion. All clues point to Ayane being the logical suspect, but how could she have committed the crime when she was hundreds of miles away? As Tokyo police detective Kusanagi tries to unpick a seemingly unrelated sequence of events he finds himself falling for Ayane. When his judgement becomes dangerously clouded his assistant must call on an old friend for help; it will take a genius to unravel the most spectacular web of deceit they have ever faced... SALVATION OF A SAINT is a magnificently complex and page-turning thriller starring international crime fiction's most enigmatic sleuth. This is essential reading for all fans of exceptional crime fiction."
9781444757200,John Grisham,Fiction,Mystery,Thriller," Given the importance of what they do, and the controversies that often surround them, and the violent people they sometimes confront, it is remarkable that in the history of this country only four active federal judges have been murdered.Judge Raymond Fawcett has just become number five. Who is the Racketeer? And what does he have to do with the judge’s untimely demise? His name, for the moment, is Malcolm Bannister. Job status? Former attorney. Current residence? The Federal Prison Camp near Frostburg, Maryland.On paper, Malcolm’s situation isn’t looking too good these days, but he’s got an ace up his sleeve. He knows who killed Judge Fawcett, and he knows why. The judge’s body was found in his remote lakeside cabin. There was no forced entry, no struggle, just two dead bodies: Judge Fawcett and his young secretary. And one large, state-of-the-art, extremely secure safe, opened and emptied.What was in the safe? The FBI would love to know. And Malcolm Bannister would love to tell them. But everything has a price—especially information as explosive as the sequence of events that led to Judge Fawcett’s death. And the Racketeer wasn’t born yesterday . . ."
9788129120175,Piyush Jha,Thriller,Fiction,Mystery,"Mumbaistans three explosive crime novellas unravel the secrets of maximum city from the slums of Dharavi and the bylanes of Kamathipura to the swank high-rises of Bandra. A prostitute, her lover and a policeman play for high stakes in BombDay. Injectionwala exposes chilling medical malpractices and a lovelorn vigilantes twisted game plan. In Coma Man, a man awakens from coma after twenty years, and sets out in search of his wife and himself. Gritty love stories, manipulative cops and hard-boiled slumlords form the backdrop of this unputdownable thriller. Its MUMBAISTAN all the way.Mumbai, a city of dreams for many. But for others, a nightmare. Behind the façade of lustre and glamour churns a seething underbelly of squalor, corruption and crime.Mumbaistan’s three explosive crime novellas unravel the subterranean secrets of maximum city—from the teeming maw of Dharavi and the wanton streets of Kamathipura to the swank high-rises of Bandra.A prostitute, her lover and a policeman play for high stakes in Bomb-Day. Injectionwala exposes chilling medical malpractices and a lovelorn vigilante’s twisted game plan. In Coma Man, a man awakens from coma after twenty years, and sets out in search of his wife— and himself.Macabre love stories, conniving cops and hard-boiled slumlords form the backdrop of a schizophrenic city that is brooding...dying.Welcome to Mumbaistan; a gritty, compelling take on the megalopolis that lives on the edge."
9788129120489,Ravi Subramanian,Fiction,Thriller,Asian Literature,"The uneasy calm in Greater Boston Global Bank (GB2) is shattered when a series of murders rock the façade of the compliant and conforming bank that GB2 has built up over the years. Who is to blame? Who is driving these intriguing and bone chilling murders? What is the motive behind these gruesome killings? No one has a clue.And when Karan Panjabi, a press reporter and an ex-banker digs deeper, he realizes that he has stumbled on a global conspiracy with far reaching ramifications - a secret that could destroy not only the bank but cast a shadow on the entire nation. With only thirty-six hours at his disposal, he is running out of time and must trust no one if he wants to stay alive and uncover the truth. In the racy build up to unraveling the mystery, stranger than fiction characters emerge, faith get shattered and ivory towers come crashing down. Bankers build their careers on trust, or so everyone thought - till the day the truth within GB2 gets revealed. Is the banker at GB2 fast turning into a Bankster? Or was he always one? Spinning an intricate web of lies, deceit and treachery, bestselling author Ravi Subramanian is back. A master storyteller of financial crime, this is his most chilling thriller yet"
