9780552169592,"'Seek and ye shall find.' With these words echoing in his head, eminent Harvard symbologist Robert Langdon awakes in a hospital bed with no recollection of where he is or how he got there. Nor can he explain the origin of the macabre object that is found hidden in his belongings. A threat to his life will propel him and a young doctor, Sienna Brooks, into a breakneck chase across the city of Florence. Only Langdon's knowledge of hidden passageways and ancient secrets that lie behind its historic facade can save them from the clutches of their unknown pursuers. With only a few lines from Dante's dark and epic masterpiece, The Inferno, to guide them, they must decipher a sequence of codes buried deep within some of the most celebrated artefacts of the Renaissance - sculptures, paintings, buildings - to find the answers to a puzzle which may, or may not, help them save the world from a terrifying threat. Set against an extraordinary landscape inspired by one of history's most ominous literary classics, Inferno is Dan Brown's most compelling and thought-provoking novel yet, a breathless race-against-time thriller that will grab you from page one and not let you go until you close the book."
9780140140439,"In A Sad City, The Saddest Of Cities, A City So Ruinously Sad That It Had Forgotten Its Name, Lived A Professional Storyteller Named Rashid And His Son Haroun.' Thus Begins Rushdie&Rsquo;S Magical And Delightful Book, Which Is Comprised Of Hundreds Of Stories, Funny And Sad, All Of Them Juggled At Once, Together With Sorcery And Love, Wicked Uncles And Fat Aunts, And Mustachioed Gangsters In Yellow Check Pants."
9780552161237,
9780552151696,"Brilliant, beautiful Susan Fletcher discovers the NSA is being held hostage by a code so complex that it would cripple U.S. intelligence if released."
9780345453747,"In this collection of novels, Arthur Dent is introduced to the galaxy at large when he is rescued by an alien friend seconds before Earth's destruction, and embarks on a series of amazing adventures with his new companion."
9780552149518,"Robert Langdon, Harvard Professor of symbology, receives an urgent late-night call while in Paris: the curator of the Louvre has been murdered. Alongside the body is a series of baffling ciphers. Langdon and a gifted French cryptologist, Sophie Neveu, are stunned to find a trail that leads to the to the works of Da Vinci - and further. The curator, part of a secret society named the Priory of Sion, may have sacrificed his life to keep secret the location of a vastly important religious relic hidden for centuries. It appears that the clandestine Vatican-sanctioned Catholic sect Opus Dei has now made its move. Unless Landon and Neveu can decipher the labyrinthine code and quickly assemble the pieces of the puzzle, the Priory's secret - and a stunning historical truth - will be lost forever."
9780552161268,"CERN Institute, Switzerland: a world-renowned scientist is found brutally murdered with a mysterious symbol seared onto his chest. The Vatican, Rome: the College of Cardinals assembles to elect a new pope. Somewhere beneath them, an unstoppable bomb of terrifying power relentlessly counts down to oblivion. In a breathtaking race against time, Harvard professor Robert Langdon must decipher a labyrinthine trail of ancient symbols if he is to defeat those responsible - the Illuminati, a secret brotherhood presumed extinct for nearly four hundred years, reborn to continue their deadly vendetta against their most hated enemy, the Catholic Church."
9780552150736,"When a world renowned scientist is found brutally murdered in a Swiss research facility, a Harvard professor, Robert Langdon, is summoned to identify the mysterious symbol seared onto the dead man's chest. His baffling conclusion: that it is the work of the Illuminati, a secret brotherhood presumed extinct for nearly four hundred years - reborn to continue their bitter vendetta against their most hated enemy, the Catholic church. In Rome, the college of cardinals assembles to elect a new pope. Yet somewhere within the walls of the Vatican, an unstoppable bomb of terrifying power relentlessly counts down to oblivion. While the minutes tick away, Langdon joins forces with Vittoria Vetra, a beautiful and mysterious Italian scientist, to decipher the labyrinthine trail of ancient symbols that snakes across Rome to the long-forgotten Illuminati lair - a secret refuge wherein lies the only hope for the Vatican. But, with each revelation comes another twist, another turn in the plot, which leaves Langdom and Vetra reeling and at the mercy of a seemingly invisible enemy... Angels & Demons is a breathtakingly brilliant thriller which catapults the reader through the antiquity of Rome, through sealed crypts, dangerous catacombs, deserted cathedrals and even the most secret vault on earth. As the prequel to Dan Brown's worldwide bestseller,The Da Vinci Code, it has the distinction of introducing his readers to Harvard symbologist, Robert Langdon.Angels & Demonsbegins the journey of enlightening epiphanies to dark truths as the battle between science and religion turns to war."
9780593054277,"Six years in the writing, The Lost Symbol is Dan Brown's extraordinary sequel to his internationally bestselling Robert Langdon thrillers, Angels and Demons and The Da Vinci Code. Nothing is ever what it first appears in a Dan Brown novel. Set over a breathtaking 12 hour time span, the book's narrative takes the reader on an exhilarating journey through a masterful and unexpected landscape as Professor of Symbology, Robert Langdon, is once again called into action. Expertly researched and written with breakneck pace, The Lost Symbol once again demonstrates why Dan Brown is the world's bestselling thriller writer."
9780099134015,
9780151008117,"Possessing encyclopedia-like intelligence, unusual zookeeper's son Pi Patel sets sail for America, but when the ship sinks, he escapes on a life boat and is lost at sea with a dwindling number of animals until only he and a hungry Bengal tiger remain. 40,000 first printing."
9789380658797,
9788171674565,". THE BLACK PANTHER OF SIVANIPALLI The author, more famous for hunting man-eating tigers, finds in a wily panther a real challenger to his hunting acumen. 2. THE TIGER ROARS Hailed as the best of all of Anderson's books, the celebrated author reminisces about the man-eating tigers he had tracked down, a ferocious panther fond of human blood, the aging elephant meeting a sad end, and his own adventurous hours spent in the primeval jungles of India. 3. JUNGLES LONG AGO Taking a holiday from big game hunting, Anderson lovingly reminisces about his exciting days and star-lit nights spent amidst the simple folks inhabiting the fringes of dark forests. Kenneth Anderson (1910-74) hailed from a Scottish family settled in India for six generations. His love for the denizens of Indian jungle led him to big game hunting and eventually to writing real-life adventure stories. His books are hailed as classics of jungle lore."
9780552559621,
9781409110972,
9780330492270,"The Sunday Times top-ten bestseller from the author of The Men Who Stare at Goats This is an utterly compelling and often unbelievable adventure into the world of madness. Jon Ronson meets everybody from a Broadmoor inmate who swears he faked a mental disorder to get a lighter sentence but is now stuck there to the influential psychologist who developed the industry standard Psychopath Test and who is convinced that many important CEOs and politicians are in fact psychopaths. Combining Jon's trademark humour, charm and investigative incision, The Psychopath Test is a deeply honest book unearthing dangerous truths and asking serious questions about how we define normality in a world where we are increasingly judged by our maddest edges."
9780195622560,
9780718194543,
9788172344573,
9780553818130,
9781408704202,
9780606321853,"New threats emerge to endanger the future of the Seven Kingdoms, as Daenerys Targaryen, ruling in the East, fights off a multitude of enemies, while Jon Snow, Lord Commander of the Night's Watch, faces his foes both in the Watch and beyond the great Wallof ice and stone."
9780719568893,
9781439160770,
9780141441979,"Jules Verne's pioneering classic tells the story of the distinguished but eccentric Professor Lidenbrock, who finds a scrap of parchment in an old manuscript. A cipher, written in runes, tells of an entrance to another world - a world hidden beneath our own. So with his nephew reluctantly in tow, the Professor follows this cryptic clue down into a dormant volcano, and the further they descend, the more extraordinary the discoveries and creatures that they encounter, the greater the dangers, and the more ancient the living past that surrounds them. This new translation by Frank Wynne is accompanied by an introduction on the science of Verne's work and its influences. This edition also includes notes, a chronology and suggested further reading."
9781440424656,
9781941043004,"A beloved masterpiece, The Adventures of Tom Sawyer captures the endearing tales of a young boy growing up along the Mississippi River in the mid-1800s. Tom's mischievousness places him and his friends into increasingly perilous situations, while, at the same time, Tom develops morally and comes to understand his relationship to society. Through his masterful use of satire, Twain exposes many of society's hypocrisies and superstitions and invites us to explore the balance between subversion and authority. Paradoxically, as Tom matures toward adulthood, Twain reveals the childishness of many adult institutions such as society, education, religion, and work. Simple and true, Tom's adventures are sure to remain both cherished and relevant to many generations yet to come. This premium hardcover edition is printed on acid-free 50-pound creme paper and set in a readable modern font. This quality volume is bound to make an attractive addition to any library."
9781434101860,"Loosely based on an experience in Joseph Conrad's life, this short novel tells the story ofone man's journey into darkest Africa--and the darkness of the human heart. Both thoughtful and compelling, The Heart of Darknesstakes measure of ""the thin line between civilization and barbarity."" Virginia Woolf wrote of Conrad, ""His books are full of moments of vision. They light up a whole character in a flash. . . .He could not write badly, one feels, to save his life."" A publication of Boomer Books, especially designed and typeset for easy reading."
9780393964523,"Michael Shinagel has collated the reprint with all six authorizededitions published by Taylor in 1719 to achieve a text that is faithfulto Defoe's original edition. Annotations assist the reader with obscurewords and idioms, biblical references, and nautical terms. ""Contexts"" helps the reader understand the novel's historical andreligious significance. Included are four contemporary accounts ofmarooned men, Defoe's autobiographical passages on the novel'sallegorical foundation, and aspects of the Puritan emblematic traditionessential for understanding the novel's religious aspects. ""Eighteenth-and Nineteenth-Century Opinions"" is a comprehensive studyof early estimations by prominent literary and political figures,including Alexander Pope, Jean-Jacques Rousseau, Samuel Johnson, SamuelTaylor Coleridge, William Wordsworth, Edgar Allen Poe, Thomas BabingtonMacaulay, Charles Dickens, Karl Marx, and John Stuart Mill. ""Twentieth-Century Criticism"" is a collection of fourteen essays (fiveof them new to the Second Edition) that presents a variety ofperspectives on Robinson Crusoe by Virginia Woolf, Ian Watt, EricBerne, Maximillian E. Novak, Frank Budgen, James Joyce, George A.Starr, J. Paul Hunter, James Sutherland, John J. Richetti, LeopoldDamrosch, Jr., John Bender, Michael McKeon, and Carol Houlihan Flynn. A Chronology of Defoe's life and work and an updated SelectedBibliography are also included."
9780312066659,"Adopted at more than 1,000 colleges and universities, Bedford/St. Martin's innovative Case Studies in Contemporary Criticism series has introduced more than a quarter of a million students to literary theory and earned enthusiastic praise nationwide. Along with an authoritative text of a major literary work, each volume presents critical essays, selected or prepared especially for students, that approach the work from several contemporary critical perspectives, such as gender criticism and cultural studies. Each essay is accompanied by an introduction (with bibliography) to the history, principles, and practice of its critical perspective. Every volume also surveys the biographical, historical, and critical contexts of the literary work and concludes with a glossary of critical terms. New editions reprint cultural documents that contextualize the literary works and feature essays that show how critical perspectives can be combined."
