India's Struggle for Independence (English),0140107819,9780140107814,Rs. 254,600 Pages,,Penguin Publishing Group,2000,Paperback,English
History of Modern India (English) 1st Edition,8125036849,9788125036845,Rs. 356,351 Pages,Bipan Chandra,Orient Blackswan,2009,Paperback,English
Governance in India for Civil Services Examinations (English) 2nd  Edition,9339204786,9789339204785,Rs. 383,528 Pages,M. Laxmikanth,Mcgraw Hill Education,2014 July,Paperback,English
The Motorcycle Diaries (English),0007272901,9780007272907,Rs. 183,165 Pages,Ernesto Che Guevara,HarperCollins Publisher,2004,Paperback,English
India Since Independence (English),0143104098,9780143104094,Rs. 238,788 Pages,,PENGUIN INDIA,2008,Paperback,English
A Brief History of Modern India (English),8179305171,9788179305171,Rs. 280,416 Pages,Rajiv Ahir,Spectrum Books Pvt. Ltd.,2014,Paperback,English
Freedom At Midnight (English),8125931864,9788125931867,Rs. 465,774 Pages,,VIKAS PUBLISHING HOUSE PVT. LTD.-NOIDA,1990,Paperback,English
India After Gandhi The History Of The Worlds Largest Democracy (English),0330505548,9780330505543,Rs. 444,944 Pages,Ramachandra Guha,Picador India,2008,Paperback,English
Durbar (English),9350097516,9789350097519,Rs. 209,324 Pages,,Hachette India,2013,Paperback,English
Annihilation of Caste - The Annotated Critical Edition (English),818905967X,9788189059675,Rs. 376,,,Navyana,2015,Paperback,English
Making India Awesome: New Essays and Columns (English),8129137429,9788129137425,Rs. 134,192 Pages,Chetan Bhagat,Rupa Publication India,2015,Paperback,English
Breaking India : Western Interventions In Dravidian And Dalit Faultlines (English),8191067374,9788191067378,Rs. 676,666 Pages,,"Amaryllis, An Imprint Of Manjul Publishing House.",2011,Hardcover,English
The Wonder That Was India (English),033043909X,9780330439091,Rs. 379,572 Pages,,Pan Macmillan,2004,Paperback,English
History of the World from the Late Nineteenth to the Early Twenty-First Century (English) 1 Edition,8125036873,9788125036876,Rs. 280,275 Pages,Arjun Dev,ORIENT BLACKSWAN PVT LTD.-NEW DELHI,2009,Paperback,English
The Discovery of India (English),0143031031,9780143031031,Rs. 444,642 Pages,,Penguin Books,2004 November,Paperback,English
Pax Indica: India and the World of the 21st Century (English),0143420186,9780143420187,Rs. 349,456 Pages,,Penguin,2013,Paperback,English
From Plassey to Partition : A History of Modern India (English) 1 Edition,8125025960,9788125025962,Rs. 350,524 Pages,,ORIENT BLACKSWAN PVT LTD.-NEW DELHI,2004,Paperback,English
History of Early India from the Origins to AD 1300 : From the Origins to AD 1300 (English),0143029894,9780143029892,Rs. 341,555 Pages,Romila Thapar,Penguin,2003,Paperback,English
India Unbound: from Independence to the Global Information age (English),0143419250,9780143419259,Rs. 222,432 Pages,,PENGUIN INDIA,2012,Paperback,English
Indias Biggest Cover Up (English),9380828691,9789380828695,Rs. 367,448 Pages,Anuj Dhar,Vitasta,2012,Hardcover,English
History Of Medieval India (English) 01 Edition,8125032266,9788125032267,Rs. 375,415 Pages,,Orient Blackswan,2009,Paperback,English
"Mastering Modern World History, 5/e PB 5th  Edition",1137483644,9781137483645,Rs. 660,698 Pages,,ATLANTIC PUBLISHERS DISTRIBUTORS (REGD.)-NEW DELHI,2014,Paperback,
Not Without My Daughter (English),0552152161,9780552152167,Rs. 209,528 Pages,,Transworld,1988,Paperback,English
"The Argumentative Indian: Writings on Indian History, Culture and Identity (English)",0141012110,9780141012117,Rs. 264,,,Penguin Books Ltd,,Paperback,English
Birds of the Indian Subcontinent (English) 2nd Edition,019807722X,9780198077220,"Rs. 1,230",480 Pages,,Oxford University Press,2011,Paperback,English
White Mughals : Love and Betrayal in Eighteenth-Century India (English),0143030469,9780143030461,Rs. 444,580 Pages,William Dalrymple,Penguin,2004 January,Paperback,English
WHAT YOUNG INDIA WANTS (English),8129120216,9788129120212,Rs. 150,181 Pages,,Rupa Publications,2012,Paperback,English
Persepolis: The Story of a Childhood and The Story of a Return,009952399X,9780099523994,Rs. 569,,,Random House,2008,Paperback,
A Short History Of Nearly Everything (English),0552997048,9780552997041,Rs. 394,672 Pages,,Transworld,2004 September,Paperback,English
Makers Of Modern India (English),0143419242,9780143419242,Rs. 379,568 Pages,,PENGUIN INDIA,2012,Paperback,English
Land of the Seven Rivers: A Brief History of India's Geography : A Brief History of India's Geography (English),0143420933,9780143420934,Rs. 339,352 Pages,,Penguin Publishing Group,2013 December,Paperback,English
Operation - Blue Star the True Story (English) 1 Edition,8174760687,9788174760685,Rs. 295,173 Pages,,UBS PUBLISHERS' DISTRIBUTORS (P) LTD.-NEW DELHI,2000,Paperback,English
The Communist Manifesto,0140447571,9780140447576,Rs. 137,,,Penguin Publishing Group,2002,Paperback,
India 2015 (English),8123019785,9788123019789,Rs. 350,,Publications Division,Publications Division,2015,Paperback,English
Glimpses of World History (English),0143031058,9780143031055,Rs. 584,1192 Pages,Jawaharlal Nehru,Penguin,2004,Paperback,English
Our Parliament (English) 1st  Edition,8123701470,9788123701479,Rs. 154,327 Pages,,NATIONAL BOOK TRUST-NEW DELHI,2011,,English
Black Friday : The True Story of the Bombay Bomb Blasts (English),0143423665,9780143423669,Rs. 209,304 Pages,S. Hussain Zaidi,Penguin Books India,2014 November,Paperback,English
Our Moon has Blood Clots : A Memoir of a Lost Home in Kashmir (English),818400513X,9788184005134,Rs. 183,264 Pages,Rahul Pandita,Random House India,2014 April,Paperback,English
The Siege : The Attack on the Taj (English),0143420100,9780143420101,Rs. 424,344 Pages,"Adrian Levy, Cathy Scott Clark",Penguin,2013 November,Paperback,English
"Self-Deception: India's China Policies : Indias China Policies Origins, Premises, Lessons (English)",9351160939,9789351160939,Rs. 389,408 Pages,,HarperCollins,2013 August,Paperback,English
Challenge and Strategy (English),8132113675,9788132113676,Rs. 404,,Rajiv Sikri,,,Paperback,English
The Lost River: On The Trail Of The Sarasvati (English),0143068644,9780143068648,Rs. 450,368 Pages,,PENGUIN INDIA,2010,Paperback,English
"Guns, Germs And Steel",0099302780,9780099302780,Rs. 389,,,Random House,2000,Paperback,
"Eminent Historians: Their Technology, Their Line, Their Fraud : Their Technology, Their Line, Their Fraud (English)",9351365913,9789351365914,Rs. 426,400 Pages,Arun Shourie,HarperCollins,2014 June,Paperback,English
Imagining India: Ideas For The New Century (English),0670081965,9780670081967,Rs. 650,520 Pages,,Penguin,2008,Hardcover,English
Return of a King: The Battle for Afghanistan (English),1408862875,9781408862872,Rs. 324,,,Bloomsbury Publishing (IN),,Paperback,English
THE MEN WHO KILLED GANDHI (English),8174366172,9788174366177,Rs. 371,368 Pages,,Roli Books,2010,Hardcover,English
Reimagining India : How to Unlock the Potential of Asia's Next Superpower (English),147676333X,9781476763330,Rs. 454,432 Pages,,Simon & Schuster,2013 November,Hardcover,English
"A History of the Sikhs, Volume 1 : 1469-1839 (English) 2nd Edition",0195673085,9780195673081,Rs. 395,407 Pages,,"Oxford University Press, USA",2004,Paperback,English
Rise And Fall Of The Third Reich,0099421763,9780099421764,Rs. 714,,,Random House,2002,Paperback,
The Brave (English),0143422359,9780143422358,Rs. 162,246 Pages,Rachna Bisht Rawat,Penguin Books Ltd,2014 August,Paperback,English
Jerusalem: The Biography (English),1780220251,9781780220253,Rs. 389,768 Pages,,Orion Publishing Group,2012 March,Paperback,English
The Intolerant Indian : Why We Must Rediscover A Liberal Space (English),9350290510,9789350290514,Rs. 379,242 Pages,,Harpercollins India,2011,Paperback,English
